"Che cos'è HTTP Basic Access Authentication e in quale RFC è definita?";"HTTP Basic Access Authentication è uno schema di autenticazione del protocollo HTTP in cui il client invia le credenziali (username e password) codificate in Base64 all'interno dell'header <b>Authorization</b> di ogni richiesta.<br><br>È lo schema di autenticazione HTTP più semplice: non richiede cookie, sessioni, né pagine di login.<br><br><b>RFC di riferimento</b>: definito originariamente in <b>RFC 2617</b> (1999), oggi sostituita da <b>RFC 7617</b> (2015), che fa parte del framework di autenticazione HTTP descritto in RFC 7235.";http-basic-auth
"In quale contesto del protocollo HTTP si colloca Basic Auth?";"Basic Auth opera a <b>livello applicativo</b> (layer 7 OSI), interamente tramite header HTTP standard:<br><br>• Il server sfida il client con l'header <b>WWW-Authenticate</b> e un codice <b>401 Unauthorized</b><br>• Il client risponde con l'header <b>Authorization</b> contenente le credenziali<br><br>Si tratta di un meccanismo <b>challenge-response</b> senza stato: il server non mantiene sessioni, e il client deve inviare le credenziali ad ogni richiesta (o il browser le ritrasmette automaticamente dopo il primo inserimento).";http-basic-auth
"Qual è la differenza tra autenticazione e autorizzazione nel contesto di HTTP Basic Auth?";"<b>Autenticazione</b> (authentication): verifica <i>chi sei</i> — Basic Auth si occupa solo di questo, trasmettendo username e password al server per la validazione dell'identità.<br><br><b>Autorizzazione</b> (authorization): determina <i>cosa puoi fare</i> — Basic Auth <b>non gestisce questo aspetto</b>. Dopo aver autenticato l'utente, è compito del server decidere a quali risorse ha accesso.<br><br>Nota: il codice HTTP <b>401 Unauthorized</b> riguarda in realtà l'autenticazione (credenziali mancanti/errate), mentre <b>403 Forbidden</b> riguarda l'autorizzazione (identità nota ma accesso negato).";http-basic-auth
"Descrivi il flusso completo di HTTP Basic Access Authentication, dal primo request alla risposta autenticata.";"<b>1.</b> Il client invia una richiesta HTTP a una risorsa protetta, <b>senza</b> header Authorization.<br><br><b>2.</b> Il server risponde con <b>401 Unauthorized</b> e include l'header:<br><code>WWW-Authenticate: Basic realm=""esempio""</code><br><br><b>3.</b> Il client (o il browser tramite popup) concatena username e password nel formato <b>username:password</b>, codifica la stringa in <b>Base64</b> e invia una nuova richiesta con l'header:<br><code>Authorization: Basic dXNlcjpwYXNz</code><br><br><b>4.</b> Il server decodifica Base64, estrae username e password, li valida (es. confronto con hash nel DB).<br><br><b>5.</b> Se validi → risponde con <b>200 OK</b> e la risorsa richiesta.<br>Se non validi → risponde con <b>401 Unauthorized</b> nuovamente.";http-basic-auth
"Che cos'è l'header WWW-Authenticate e quale ruolo ha nel flusso di HTTP Basic Auth?";"<b>WWW-Authenticate</b> è l'header HTTP inviato dal server nella risposta <b>401 Unauthorized</b> per indicare al client quale schema di autenticazione deve utilizzare.<br><br>Nel caso di Basic Auth, il formato è:<br><code>WWW-Authenticate: Basic realm=""nome_area""</code><br><br><b>Ruolo</b>:<br>• Rappresenta il <b>challenge</b> (la sfida) nel meccanismo challenge-response<br>• Comunica al client che è richiesta l'autenticazione Basic<br>• Il parametro <b>realm</b> identifica l'area protetta, aiutando il client a selezionare le credenziali corrette<br>• Senza questo header, il client non saprebbe quale schema utilizzare né quale area di protezione è coinvolta.";http-basic-auth
"Come viene costruito l'header Authorization in HTTP Basic Auth? Descrivi il formato esatto.";"L'header ha il formato:<br><code>Authorization: Basic &lt;credenziali_base64&gt;</code><br><br><b>Costruzione passo per passo</b>:<br>1. Si concatenano username e password con <b>:</b> come separatore → <code>username:password</code><br>2. La stringa risultante viene codificata in <b>Base64</b> → es. <code>mario:s3cret</code> diventa <code>bWFyaW86czNjcmV0</code><br>3. Il valore Base64 viene preceduto dalla parola chiave <b>Basic</b> (con spazio)<br><br><b>Esempio completo</b>:<br><code>Authorization: Basic bWFyaW86czNjcmV0</code><br><br>Nota: lo schema (""Basic"") è case-insensitive secondo la RFC, ma per convenzione si usa la maiuscola iniziale.";http-basic-auth
"Che cos'è il parametro realm in HTTP Basic Auth e a che cosa serve?";"Il <b>realm</b> è una stringa inclusa nell'header <code>WWW-Authenticate</code> che identifica lo <b>spazio di protezione</b> (protection space) di una risorsa.<br><br><b>Funzioni</b>:<br>• Permette al server di definire <b>aree protette distinte</b> sullo stesso host, ciascuna con credenziali diverse<br>• Aiuta il client/browser a <b>selezionare automaticamente</b> le credenziali corrette se ne ha memorizzate più di una per lo stesso server<br>• Fornisce all'utente un'indicazione testuale su <b>quale area</b> richiede l'autenticazione (il browser può mostrarlo nel popup di login)<br><br><b>Esempio</b>:<br><code>WWW-Authenticate: Basic realm=""Area Amministrazione""</code><br><br>Due risorse con realm diversi sullo stesso server richiedono credenziali indipendenti.";http-basic-auth
"Che cosa succede se il client invia credenziali errate o le omette su una risorsa protetta con Basic Auth?";"<b>Credenziali omesse</b>:<br>Il server risponde con <b>401 Unauthorized</b> + header <code>WWW-Authenticate: Basic realm=""...""</code>. Il browser mostra un popup di login all'utente.<br><br><b>Credenziali errate</b>:<br>Il server risponde nuovamente con <b>401 Unauthorized</b>. Il browser tipicamente ripresenta il popup di login. Dopo un certo numero di tentativi falliti (dipendente dal browser), il popup viene chiuso e il browser mostra il corpo della risposta 401.<br><br><b>Nota importante</b>: il protocollo HTTP Basic <b>non prevede</b> nativamente rate limiting o lockout — queste contromisure devono essere implementate lato server separatamente.";http-basic-auth
"Il browser memorizza le credenziali di HTTP Basic Auth? Se sì, per quanto tempo e con quale scope?";"Sì, i browser <b>memorizzano in cache</b> le credenziali Basic Auth e le ritrasmettono automaticamente nelle richieste successive.<br><br><b>Scope</b>: le credenziali sono associate alla combinazione di <b>origin</b> (schema + host + porta) e <b>realm</b>. Vengono inviate automaticamente per tutte le richieste verso URL che rientrano nello stesso protection space.<br><br><b>Durata</b>: la cache persiste per tutta la <b>durata della sessione del browser</b> (finché la finestra/tab non viene chiusa). Non esiste un header o meccanismo standard per invalidarla lato server.<br><br><b>Implicazione di sicurezza</b>: questo comportamento rende impossibile un vero logout — la chiusura del browser (o della sessione) è l'unico modo affidabile per cancellare le credenziali dalla cache.";http-basic-auth
"Come viene codificata la coppia username:password in Base64 in HTTP Basic Auth? Fai un esempio concreto.";"<b>Procedimento</b>:<br>1. Si forma la stringa <code>username:password</code> (separata da un singolo <b>:</b>)<br>2. Si converte ogni carattere nel suo valore byte (secondo il charset concordato, tipicamente UTF-8)<br>3. Si applica la codifica <b>Base64</b>: ogni gruppo di 3 byte viene mappato in 4 caratteri ASCII dall'alfabeto Base64 (A-Z, a-z, 0-9, +, /), con <b>=</b> come padding finale se necessario<br><br><b>Esempio</b>:<br>• Input: <code>alice:p@ssW0rd</code><br>• Byte UTF-8: <code>61 6C 69 63 65 3A 70 40 73 73 57 30 72 64</code><br>• Base64: <code>YWxpY2U6cEBzc1cwcmQ=</code><br>• Header risultante: <code>Authorization: Basic YWxpY2U6cEBzc1cwcmQ=</code>";http-basic-auth
"Perché la codifica Base64 non è una forma di cifratura e quali implicazioni ha per la sicurezza di Basic Auth?";"Base64 è una <b>codifica reversibile</b>, non una cifratura:<br><br>• <b>Non usa chiavi</b>: chiunque può decodificare il valore senza alcun segreto<br>• <b>È deterministica e pubblica</b>: lo stesso input produce sempre lo stesso output, e l'algoritmo è noto a tutti<br>• <b>Scopo originale</b>: trasformare dati binari in caratteri ASCII sicuri per il trasporto HTTP, non proteggere la confidenzialità<br><br><b>Implicazioni per la sicurezza</b>:<br>• Le credenziali viaggiano <b>in chiaro equivalente</b> — chiunque intercetti il traffico può decodificare istantaneamente username e password<br>• Senza <b>TLS/HTTPS</b>, Basic Auth espone le credenziali a qualsiasi attaccante sulla rete (sniffing, MITM)<br>• Anche con TLS, le credenziali sono in chiaro nella memoria del client e del server (rischio in caso di dump di memoria o log accidentali)";http-basic-auth
"In HTTP Basic Auth, che cosa succede se lo username o la password contengono il carattere due punti (:)?";"Il separatore tra username e password è il <b>primo</b> carattere <code>:</code> nella stringa decodificata.<br><br><b>Password con :</b> → nessun problema. Il server separa al primo <code>:</code>: tutto ciò che precede è lo username, tutto ciò che segue è la password (anche se contiene altri <code>:</code>).<br><br><b>Username con :</b> → <b>problematico</b>. Poiché la separazione avviene al primo <code>:</code>, un due punti nello username verrebbe interpretato come il separatore, corrompendo sia username sia password.<br><br><b>RFC 7617</b> specifica esplicitamente che lo <b>username non deve contenere il carattere <code>:</code></b>. Per la password non c'è questa restrizione, grazie alla regola del ""primo due punti"".";http-basic-auth
"Perché HTTP Basic Auth è considerato insicuro senza TLS/HTTPS?";"Senza TLS, Basic Auth trasmette le credenziali in <b>Base64 in chiaro</b> su ogni richiesta HTTP. Questo lo espone a:<br><br>• <b>Eavesdropping / sniffing</b>: qualsiasi nodo sulla rete (Wi-Fi, ISP, router compromesso) può leggere e decodificare le credenziali<br>• <b>Man-in-the-Middle (MITM)</b>: un attaccante può intercettare, leggere e modificare le credenziali in transito<br>• <b>Replay attack</b>: le credenziali catturate possono essere riutilizzate così come sono per autenticarsi<br>• <b>Credential harvesting su larga scala</b>: su reti condivise (Wi-Fi pubblico), un attaccante può raccogliere credenziali di tutti gli utenti<br><br><b>Conclusione</b>: Basic Auth <b>richiede obbligatoriamente HTTPS</b> come canale di trasporto. Anche la RFC 7617 lo raccomanda esplicitamente.";http-basic-auth
"Quali attacchi specifici sono possibili contro HTTP Basic Auth su connessione non cifrata?";"<b>1. Sniffing passivo</b>: l'attaccante cattura i pacchetti sulla rete e decodifica il Base64 dall'header Authorization → credenziali ottenute istantaneamente.<br><br><b>2. Man-in-the-Middle (MITM)</b>: l'attaccante si interpone tra client e server. Può leggere le credenziali, modificarle, o iniettare risposte false (es. un finto 401 per forzare l'invio delle credenziali verso un server malevolo).<br><br><b>3. Replay attack</b>: l'attaccante cattura un header Authorization valido e lo ritrasmette identico in una nuova richiesta. Poiché Basic Auth non include nonce, timestamp o contatori, il server non può distinguere la richiesta legittima da quella replicata.<br><br><b>4. Session hijacking</b>: poiché le credenziali vengono inviate ad ogni richiesta, ogni singolo pacchetto intercettato è sufficiente per ottenere accesso completo.";http-basic-auth
"Perché HTTP Basic Auth è vulnerabile ad attacchi replay e come si mitiga?";"<b>Vulnerabilità</b>: in Basic Auth l'header <code>Authorization</code> è <b>identico in ogni richiesta</b> — contiene sempre la stessa stringa Base64 (username:password). Non include alcun elemento variabile (nonce, timestamp, contatore), quindi un attaccante che cattura l'header può <b>riutilizzarlo indefinitamente</b> senza modifiche.<br><br><b>Perché è grave</b>: a differenza di token con scadenza o firme con nonce, le credenziali Basic non ""scadono"" per sessione — restano valide finché la password non viene cambiata.<br><br><b>Mitigazioni</b>:<br>• <b>TLS/HTTPS obbligatorio</b>: impedisce l'intercettazione dell'header in transito<br>• <b>HSTS</b>: previene il downgrade a HTTP in chiaro<br>• <b>Breve validità delle credenziali</b>: rotazione frequente della password o uso di token temporanei al posto di password persistenti<br>• Considerare schemi con protezione anti-replay nativa (es. Digest con nonce, OAuth con token a scadenza)";http-basic-auth
"Quali rischi comporta l'assenza di un meccanismo di logout nativo in HTTP Basic Auth?";"Basic Auth <b>non prevede alcun meccanismo standard di logout</b>. Le credenziali restano nella cache del browser fino alla chiusura della sessione.<br><br><b>Rischi</b>:<br>• <b>Accesso non autorizzato</b>: se l'utente si allontana dal computer senza chiudere il browser, chiunque può accedere alle risorse protette<br>• <b>Shared workstation</b>: su computer condivisi, l'utente successivo eredita la sessione autenticata<br>• <b>Impossibilità di invalidazione lato server</b>: il server non può ""scollegare"" un client — le credenziali valide continuano a funzionare ad ogni richiesta<br>• <b>Session fixation</b>: non essendoci gestione di sessione, non c'è modo di ruotare un identificatore di sessione dopo il login<br><br>Questo è uno dei motivi principali per cui Basic Auth è inadatto ad applicazioni web rivolte a utenti finali.";http-basic-auth
"HTTP Basic Auth è vulnerabile ad attacchi CSRF? Perché?";"<b>Sì</b>, HTTP Basic Auth è vulnerabile a CSRF.<br><br><b>Motivo</b>: i browser inviano <b>automaticamente</b> le credenziali Basic Auth memorizzate in cache per ogni richiesta verso lo stesso origin+realm, senza alcuna azione dell'utente. Questo è analogo al comportamento dei cookie: il browser aggiunge l'header Authorization in modo trasparente.<br><br><b>Scenario d'attacco</b>:<br>1. L'utente si autentica su <code>https://api.esempio.com</code> con Basic Auth<br>2. L'utente visita un sito malevolo che contiene: <code>&lt;img src=""https://api.esempio.com/delete?id=42""&gt;</code><br>3. Il browser invia la richiesta con le credenziali Basic automaticamente allegate<br>4. L'operazione viene eseguita con i privilegi della vittima<br><br><b>Mitigazione</b>: CSRF token per le operazioni mutanti, verifiche aggiuntive sull'header Origin/Referer, o uso di schemi che non allegano credenziali automaticamente (es. Bearer token in header custom).";http-basic-auth
"In quali scenari è ancora accettabile usare HTTP Basic Auth oggi?";"Basic Auth può essere accettabile in contesti limitati e controllati:<br><br>• <b>API interne / microservizi</b>: comunicazione server-to-server su rete interna con TLS, dove la semplicità è prioritaria<br>• <b>Strumenti CLI e script</b>: automazione con credenziali gestite in modo sicuro (variabili d'ambiente, secret manager), non digitate da un utente<br>• <b>Ambienti di sviluppo / staging</b>: protezione rapida di risorse non di produzione<br>• <b>Webhook e integrazioni semplici</b>: dove il ricevente deve solo verificare l'identità del chiamante e il canale è cifrato<br><br><b>Condizioni obbligatorie</b>:<br>• <b>Sempre su HTTPS</b> (mai HTTP in chiaro)<br>• Credenziali con alta entropia (generate, non scelte dall'utente)<br>• Rotazione periodica delle credenziali<br>• Mai per applicazioni web con utenti finali che interagiscono via browser";http-basic-auth
"Come si usa HTTP Basic Auth per proteggere endpoint API, ad esempio con chiavi API?";"Un pattern comune è usare Basic Auth come trasporto per <b>API key</b>:<br><br>• La chiave API viene inserita come <b>username</b>, e la password è lasciata <b>vuota</b> (o viceversa, a seconda del servizio)<br>• Esempio (chiave come username): <code>Authorization: Basic base64(""sk_live_abc123:"")</code><br>• Esempio (chiave come password): <code>Authorization: Basic base64("":"sk_live_abc123"")</code><br><br><b>Vantaggi</b>:<br>• Riutilizza un meccanismo standard senza header custom<br>• Supportato nativamente da tutti i client HTTP (curl, librerie, browser)<br>• Semplice da integrare in CI/CD e script<br><br><b>Esempio con curl</b>:<br><code>curl -u sk_live_abc123: https://api.esempio.com/risorsa</code><br>(il <code>:</code> finale indica password vuota)<br><br><b>Servizi noti che usano questo pattern</b>: Stripe, Twilio, Mailgun.";http-basic-auth
"È possibile implementare un logout affidabile con HTTP Basic Auth? Quali workaround esistono?";"Un logout affidabile con Basic Auth <b>non è possibile in modo standard</b>, ma esistono workaround parziali:<br><br><b>1. Risposta 401 forzata</b>: il server risponde con <code>401 Unauthorized</code> a una richiesta di ""logout"" — alcuni browser cancellano le credenziali in cache e ripresentano il popup. Comportamento non garantito e non uniforme tra browser.<br><br><b>2. Redirect a URL con credenziali fasulle</b>: si reindirizza l'utente a <code>https://logout@esempio.com/</code> per sovrascrivere le credenziali in cache con valori invalidi. Molti browser moderni bloccano questo metodo per ragioni di sicurezza.<br><br><b>3. JavaScript XMLHttpRequest</b>: inviare una richiesta con credenziali errate via JS per forzare la cancellazione della cache. Risultati inconsistenti tra browser.<br><br><b>4. Chiusura del browser</b>: l'unico metodo realmente affidabile — le credenziali Basic Auth in cache vengono cancellate alla chiusura della sessione del browser.<br><br><b>Conclusione</b>: l'assenza di logout affidabile è un limite architetturale di Basic Auth che lo rende inadatto a scenari dove il logout è un requisito.";http-basic-auth
